image,defect_id,class,confidence,x_min,y_min,x_max,y_max
3-1.jpg,1,hauhen,0.327392578125,134,0,1432,330
3-1.jpg,2,hauhen,0.55322265625,1051,558,1433,648
3-2.jpg,3,hauhen,0.363525390625,66,0,1434,374
3-2.jpg,4,hauhen,0.465576171875,886,571,1269,658
3-3.jpg,5,hauhen,0.52978515625,684,588,1069,679
3-3.jpg,6,hauhen,0.65966796875,0,430,288,580
3-3.jpg,7,hauhen,0.80126953125,70,937,1432,1080
3-4.jpg,8,hauhen,0.317138671875,0,940,1048,1080
