image,defect_id,class,confidence,x_min,y_min,x_max,y_max
2.jpg,1,hauhen,0.9736328125,446,897,974,985
AOXIAN01.jpg,2,aoxian,0.9306640625,1215,874,1279,950
AOXIAN01.jpg,3,aoxian,0.96630859375,625,592,706,682
frame_1.jpg,4,hauhen,0.327392578125,134,0,1432,330
frame_1.jpg,5,hauhen,0.55322265625,1051,558,1433,648
